frequency_Hz,intensity_normalized
99999204225284.55,0.00990496638442962
99999207414762.36,0.0099840476321147
99999210604240.19,0.010064076518317202
99999213793718.0,0.010145068191165035
99999216983195.81,0.010227038102810403
99999220172673.64,0.010310002015543156
99999223362151.45,0.01039397600802145
99999226551629.27,0.010478976485391797
99999229741107.1,0.010565020185990764
99999232930584.9,0.01065212418817996
99999236120062.72,0.010740305921228264
99999239309540.53,0.010829583172222714
99999242499018.36,0.010919974095771173
99999245688496.17,0.011011497221318165
99999248877973.98,0.01110417146515697
99999252067451.81,0.011198016138753345
99999255256929.62,0.011293050957248215
99999258446407.44,0.011389296052413005
99999261635885.27,0.011486771981793693
99999264825363.08,0.01158549973805764
99999268014840.89,0.011685500762984694
99999271204318.72,0.011786796957519562
99999274393796.53,0.011889410692053928
99999277583274.34,0.011993364821556383
99999280772752.17,0.012098682696631686
99999283962229.98,0.012205388174840237
99999287151707.8,0.012313505637081884
99999290341185.62,0.012423059999772583
99999293530663.44,0.01253407672731568
99999296720141.25,0.012646581849868232
99999299909619.06,0.012760601976196747
99999303099096.89,0.012876164310240523
99999306288574.7,0.012993296664781133
99999309478052.52,0.01311202748127903
99999312667530.34,0.013232385845166646
99999315857008.16,0.013354401501535279
99999319046485.97,0.013478104876717696
99999322235963.8,0.013603527095175573
99999325425441.61,0.013730699996833032
99999328614919.42,0.01385965616059369
99999331804397.25,0.013990428923006584
99999334993875.06,0.01412305239743758
99999338183352.88,0.014257561499732962
99999341372830.7,0.014393991968871755
99999344562308.52,0.014532380388191192
99999347751786.33,0.01467276421343574
99999350941264.16,0.014815181795631134
99999354130741.97,0.014959672404608389
99999357320219.78,0.015106276259708163
99999360509697.61,0.015255034555142839
99999363699175.42,0.015405989486096424
99999366888653.23,0.015559184282389242
99999370078131.05,0.01571466323586309
99999373267608.88,0.01587247173320844
99999376457086.69,0.01603265628526163
99999379646564.5,0.016195264565162088
99999382836042.33,0.016360345440767768
99999386025520.14,0.016527949008064906
99999389214997.95,0.016698126633165583
99999392404475.78,0.0168709309883902
99999395593953.6,0.01704641608948178
99999398783431.4,0.017224637341909103
99999401972909.23,0.017405651581082364
99999405162387.05,0.01758951711385814
99999408351864.86,0.01777629376967849
99999411541342.69,0.01796604294545235
99999414730820.5,0.018158827651907333
99999417920298.31,0.01835471257017015
99999421109776.14,0.018553764101923578
99999424299253.95,0.018756050421242256
99999427488731.77,0.018961641537307
99999430678209.58,0.019170609349504687
99999433867687.4,0.019383027710639936
99999437057165.22,0.01959897248625604
99999440246643.03,0.01981852162678243
99999443436120.86,0.02004175523290429
99999446625598.67,0.02026875562323084
99999449815076.48,0.02049960741461539
99999453004554.31,0.020734397595568624
99999456194032.12,0.02097321560230773
99999459383509.94,0.021216153408349023
99999462572987.77,0.021463305607085446
99999465762465.58,0.021714769497391193
99999468951943.39,0.02197064518375624
99999472141421.22,0.02223103566932458
99999475330899.03,0.022496046952414236
99999478520376.84,0.022765788138661855
99999481709854.67,0.023040371546024813
99999484899332.48,0.023319912813794415
99999488088810.3,0.02360453102845248
99999491278288.11,0.02389434884095093
99999494467765.94,0.02418949259721656
99999497657243.75,0.024490092465369488
99999500846721.56,0.02479628258299275
99999504036199.39,0.025108201197345262
99999507225677.2,0.025425990811192973
99999510415155.02,0.025749798348920015
99999513604632.84,0.026079775315736013
99999516794110.66,0.02641607796339412
99999519983588.47,0.026758867477975196
99999523173066.3,0.027108310161016225
99999526362544.11,0.02746457761819846
99999529552021.92,0.027827846972120422
99999532741499.75,0.028198301068782013
99999535930977.56,0.028576128692864067
99999539120455.38,0.028961524809382747
99999542309933.2,0.02935469079956982
99999545499411.02,0.029755834707007087
99999548688888.83,0.03016517151274391
99999551878366.66,0.03058292340533823
99999555067844.47,0.03100932006287849
99999558257322.28,0.03144459896697052
99999561446800.1,0.0318890057103728
99999564636277.92,0.03234279433186043
99999567825755.73,0.032806227653478924
99999571015233.55,0.03327957765650596
99999574204711.38,0.033763125854942976
99999577394189.19,0.0342571636863845
99999580583667.0,0.03476199294366866
99999583773144.83,0.035277926205744645
99999586962622.64,0.035805287289000856
99999590152100.45,0.036344411744172855
99999593341578.28,0.036895647354618345
99999596531056.1,0.03745935465874163
99999599720533.9,0.038035907523582574
99999602910011.73,0.038625693722495996
99999606099489.55,0.039229115541405665
99999609288967.36,0.03984659044275009
99999612478445.19,0.04047855173695208
99999615667923.0,0.041125449287786046
99999618857400.81,0.04178775028309733
99999622046878.62,0.04246594001399784
99999625236356.45,0.04316052271455135
99999628425834.27,0.04387202242540727
99999631615312.08,0.04460098393830822
99999634804789.9,0.04534797375993333
99999637994267.72,0.0461135811267565
99999641183745.53,0.04689841910895742
99999644373223.36,0.04770312574095618
99999647562701.17,0.0485283652130007
99999650752178.98,0.04937482916526439
99999653941656.81,0.050243238017669827
99999657131134.62,0.05113434237297328
99999660320612.44,0.052048924538432004
99999663510090.27,0.0529878000945572
99999666699568.08,0.053951819552008624
99999669889045.89,0.05494187014633863
99999673078523.72,0.05595887769398868
99999676268001.53,0.057003808554604234
99999679457479.34,0.05807767175437321
99999682646957.16,0.05918152118279082
99999685836434.98,0.06031645795088336
99999689025912.8,0.06148363285617035
99999692215390.61,0.06268424905222061
99999695404868.44,0.06391956482757717
99999698594346.25,0.06519089655089425
99999701783824.06,0.06649962185166668
99999704973301.89,0.06784718293975484
99999708162779.7,0.06923509012690814
99999711352257.52,0.07066492562759043
99999714541735.34,0.07213834753514237
99999717731213.16,0.07365709404383365
99999720920690.97,0.07522298800325487
99999724110168.8,0.07683794169331092
99999727299646.61,0.078503961898865
99999730489124.42,0.08022315538104893
99999733678602.25,0.08199773462503072
99999736868080.06,0.08383002395309469
99999740057557.88,0.08572246611223214
99999743247035.7,0.08767762920672022
99999746436513.52,0.08969821407580232
99999749625991.33,0.09178706223964152
99999752815469.14,0.09394716426286051
99999756004946.97,0.09618166872389984
99999759194424.78,0.09849389170322899
99999762383902.6,0.10088732700329481
99999765573380.42,0.10336565693419311
99999768762858.23,0.10593276379721572
99999771952336.05,0.1085927422291792
99999775141813.88,0.11134991223603606
99999778331291.69,0.11420883306339218
99999781520769.5,0.1171743180860387
99999784710247.33,0.1202514505255099
99999787899725.14,0.12344560015827302
99999791089202.95,0.12676244121532854
99999794278680.78,0.13020797125560274
99999797468158.6,0.1337885311875708
99999800657636.4,0.1375108266548186
99999803847114.23,0.14138195052912692
99999807036592.05,0.1454094066890837
99999810226069.86,0.14960113530499183
99999813415547.67,0.1539655392920929
99999816605025.5,0.1585115122487404
99999819794503.31,0.1632484676260331
99999822983981.12,0.1681863694558175
99999826173458.95,0.1733357641616509
99999829362936.77,0.17870781353962842
99999832552414.58,0.18431432902280073
99999835741892.4,0.1901678065859003
99999838931370.22,0.1962814622338925
99999842120848.03,0.20266926801785692
99999845310325.86,0.20934598762168188
99999848499803.67,0.2163272111829854
99999851689281.48,0.22362938895961587
99999854878759.31,0.23126986236158212
99999858068237.12,0.23926689149897726
99999861257714.94,0.24763967825175626
99999864447192.77,0.2564083825154677
99999867636670.58,0.26559412988009257
99999870826148.39,0.2752190087016442
99999874015626.2,0.285306052771394
99999877205104.03,0.29587920671312656
99999880394581.84,0.3069632692957234
99999883584059.66,0.31858381045965506
99999886773537.48,0.33076705516712457
99999889963015.3,0.3435397275672794
99999893152493.11,0.35692884805128433
99999896341970.94,0.3709614729031232
99999899531448.75,0.3856643665219458
99999902720926.56,0.40106359510875356
99999905910404.39,0.417184027523716
99999909099882.2,0.4340487296643589
99999912289360.02,0.45167823809499197
99999915478837.84,0.47008969603921286
99999918668315.66,0.4892958371822989
99999921857793.47,0.5093038043058224
99999925047271.3,0.530113789975086
99999928236749.11,0.5517174934441262
99999931426226.92,0.5740963952424084
99999934615704.75,0.5972198580795756
99999937805182.56,0.6210430789488708
99999940994660.38,0.6455049351891798
99999944184138.19,0.6705257858791622
99999947373616.02,0.6960053199376365
99999950563093.83,0.7218205684618514
99999953752571.64,0.7478242334406641
99999956942049.47,0.7738435109298496
99999960131527.28,0.7996796157920435
99999963321005.1,0.8251082308009747
99999966510482.92,0.8498810990465421
99999969699960.73,0.8737289592125331
99999972889438.55,0.8963659720220016
99999976078916.38,0.917495699868966
99999979268394.19,0.9368185903826153
99999982457872.0,0.9540407734729325
99999985647349.83,0.9688838238943955
99999988836827.64,0.9810949937228339
99999992026305.45,0.9904572943952712
99999995215783.28,0.9967987323079365
99999998405261.1,1.0
100000001594738.9,1.0
100000004784216.72,0.9967987323079365
100000007973694.55,0.9904572943952712
100000011163172.36,0.9810949937228339
100000014352650.17,0.9688838238943955
100000017542128.0,0.9540407734729325
100000020731605.81,0.9368185903826153
100000023921083.62,0.917495699868966
100000027110561.45,0.8963659720220016
100000030300039.27,0.8737289592125331
100000033489517.08,0.8498810990465421
100000036678994.9,0.8251082308009747
100000039868472.72,0.7996796157920435
100000043057950.53,0.7738435109298496
100000046247428.36,0.7478242334406641
100000049436906.17,0.7218205684618514
100000052626383.98,0.6960053199376365
100000055815861.81,0.6705257858791622
100000059005339.62,0.6455049351891798
100000062194817.44,0.6210430789488708
100000065384295.25,0.5972198580795756
100000068573773.08,0.5740963952424084
100000071763250.89,0.5517174934441262
100000074952728.7,0.530113789975086
100000078142206.53,0.5093038043058224
100000081331684.34,0.4892958371822989
100000084521162.16,0.47008969603921286
100000087710639.98,0.45167823809499197
100000090900117.8,0.4340487296643589
100000094089595.61,0.417184027523716
100000097279073.44,0.40106359510875356
100000100468551.25,0.3856643665219458
100000103658029.06,0.3709614729031232
100000106847506.89,0.35692884805128433
100000110036984.7,0.3435397275672794
100000113226462.52,0.33076705516712457
100000116415940.34,0.31858381045965506
100000119605418.16,0.3069632692957234
100000122794895.97,0.29587920671312656
100000125984373.8,0.285306052771394
100000129173851.61,0.2752190087016442
100000132363329.42,0.26559412988009257
100000135552807.23,0.2564083825154677
100000138742285.06,0.24763967825175626
100000141931762.88,0.23926689149897726
100000145121240.69,0.23126986236158212
100000148310718.52,0.22362938895961587
100000151500196.33,0.2163272111829854
100000154689674.14,0.20934598762168188
100000157879151.97,0.20266926801785692
100000161068629.78,0.1962814622338925
100000164258107.6,0.1901678065859003
100000167447585.42,0.18431432902280073
100000170637063.23,0.17870781353962842
100000173826541.05,0.1733357641616509
100000177016018.88,0.1681863694558175
100000180205496.69,0.1632484676260331
100000183394974.5,0.1585115122487404
100000186584452.33,0.1539655392920929
100000189773930.14,0.14960113530499183
100000192963407.95,0.1454094066890837
100000196152885.77,0.14138195052912692
100000199342363.6,0.1375108266548186
100000202531841.4,0.1337885311875708
100000205721319.22,0.13020797125560274
100000208910797.05,0.12676244121532854
100000212100274.86,0.12344560015827302
100000215289752.67,0.1202514505255099
100000218479230.5,0.1171743180860387
100000221668708.31,0.11420883306339218
100000224858186.12,0.11134991223603606
100000228047663.95,0.1085927422291792
100000231237141.77,0.10593276379721572
100000234426619.58,0.10336565693419311
100000237616097.4,0.10088732700329481
100000240805575.22,0.09849389170322899
100000243995053.03,0.09618166872389984
100000247184530.86,0.09394716426286051
100000250374008.67,0.09178706223964152
100000253563486.48,0.08969821407580232
100000256752964.3,0.08767762920672022
100000259942442.12,0.08572246611223214
100000263131919.94,0.08383002395309469
100000266321397.75,0.08199773462503072
100000269510875.58,0.08022315538104893
100000272700353.39,0.078503961898865
100000275889831.2,0.07683794169331092
100000279079309.03,0.07522298800325487
100000282268786.84,0.07365709404383365
100000285458264.66,0.07213834753514237
100000288647742.48,0.07066492562759043
100000291837220.3,0.06923509012690814
100000295026698.11,0.06784718293975484
100000298216175.94,0.06649962185166668
100000301405653.75,0.06519089655089425
100000304595131.56,0.06391956482757717
100000307784609.39,0.06268424905222061
100000310974087.2,0.06148363285617035
100000314163565.02,0.06031645795088336
100000317353042.84,0.05918152118279082
100000320542520.66,0.05807767175437321
100000323731998.47,0.057003808554604234
100000326921476.28,0.05595887769398868
100000330110954.11,0.05494187014633863
100000333300431.92,0.053951819552008624
100000336489909.73,0.0529878000945572
100000339679387.56,0.052048924538432004
100000342868865.38,0.05113434237297328
100000346058343.19,0.050243238017669827
100000349247821.02,0.04937482916526439
100000352437298.83,0.0485283652130007
100000355626776.64,0.04770312574095618
100000358816254.47,0.04689841910895742
100000362005732.28,0.0461135811267565
100000365195210.1,0.04534797375993333
100000368384687.92,0.04460098393830822
100000371574165.73,0.04387202242540727
100000374763643.55,0.04316052271455135
100000377953121.38,0.04246594001399784
100000381142599.19,0.04178775028309733
100000384332077.0,0.041125449287786046
100000387521554.81,0.04047855173695208
100000390711032.64,0.03984659044275009
100000393900510.45,0.039229115541405665
100000397089988.27,0.038625693722495996
100000400279466.1,0.038035907523582574
100000403468943.9,0.03745935465874163
100000406658421.72,0.036895647354618345
100000409847899.55,0.036344411744172855
100000413037377.36,0.035805287289000856
100000416226855.17,0.035277926205744645
100000419416333.0,0.03476199294366866
100000422605810.81,0.0342571636863845
100000425795288.62,0.033763125854942976
100000428984766.45,0.03327957765650596
100000432174244.27,0.032806227653478924
100000435363722.08,0.03234279433186043
100000438553199.9,0.0318890057103728
100000441742677.72,0.03144459896697052
100000444932155.53,0.03100932006287849
100000448121633.34,0.03058292340533823
100000451311111.17,0.03016517151274391
100000454500588.98,0.029755834707007087
100000457690066.8,0.02935469079956982
100000460879544.62,0.028961524809382747
100000464069022.44,0.028576128692864067
100000467258500.25,0.028198301068782013
100000470447978.08,0.027827846972120422
100000473637455.89,0.02746457761819846
100000476826933.7,0.027108310161016225
100000480016411.53,0.026758867477975196
100000483205889.34,0.02641607796339412
100000486395367.16,0.026079775315736013
100000489584844.98,0.025749798348920015
100000492774322.8,0.025425990811192973
100000495963800.61,0.025108201197345262
100000499153278.44,0.02479628258299275
100000502342756.25,0.024490092465369488
100000505532234.06,0.02418949259721656
100000508721711.89,0.02389434884095093
100000511911189.7,0.02360453102845248
100000515100667.52,0.023319912813794415
100000518290145.33,0.023040371546024813
100000521479623.16,0.022765788138661855
100000524669100.97,0.022496046952414236
100000527858578.78,0.02223103566932458
100000531048056.61,0.02197064518375624
100000534237534.42,0.021714769497391193
100000537427012.23,0.021463305607085446
100000540616490.06,0.021216153408349023
100000543805967.88,0.02097321560230773
100000546995445.69,0.020734397595568624
100000550184923.52,0.02049960741461539
100000553374401.33,0.02026875562323084
100000556563879.14,0.02004175523290429
100000559753356.97,0.01981852162678243
100000562942834.78,0.01959897248625604
100000566132312.6,0.019383027710639936
100000569321790.42,0.019170609349504687
100000572511268.23,0.018961641537307
100000575700746.05,0.018756050421242256
100000578890223.86,0.018553764101923578
100000582079701.69,0.01835471257017015
100000585269179.5,0.018158827651907333
100000588458657.31,0.01796604294545235
100000591648135.14,0.01777629376967849
100000594837612.95,0.01758951711385814
100000598027090.77,0.017405651581082364
100000601216568.6,0.017224637341909103
100000604406046.4,0.01704641608948178
100000607595524.22,0.0168709309883902
100000610785002.05,0.016698126633165583
100000613974479.86,0.016527949008064906
100000617163957.67,0.016360345440767768
100000620353435.5,0.016195264565162088
100000623542913.31,0.01603265628526163
100000626732391.12,0.01587247173320844
100000629921868.95,0.01571466323586309
100000633111346.77,0.015559184282389242
100000636300824.58,0.015405989486096424
100000639490302.39,0.015255034555142839
100000642679780.22,0.015106276259708163
100000645869258.03,0.014959672404608389
100000649058735.84,0.014815181795631134
100000652248213.67,0.01467276421343574
100000655437691.48,0.014532380388191192
100000658627169.3,0.014393991968871755
100000661816647.12,0.014257561499732962
100000665006124.94,0.01412305239743758
100000668195602.75,0.013990428923006584
100000671385080.58,0.01385965616059369
100000674574558.39,0.013730699996833032
100000677764036.2,0.013603527095175573
100000680953514.03,0.013478104876717696
100000684142991.84,0.013354401501535279
100000687332469.66,0.013232385845166646
100000690521947.48,0.01311202748127903
100000693711425.3,0.012993296664781133
100000696900903.11,0.012876164310240523
100000700090380.94,0.012760601976196747
100000703279858.75,0.012646581849868232
100000706469336.56,0.01253407672731568
100000709658814.38,0.012423059999772583
100000712848292.2,0.012313505637081884
100000716037770.02,0.012205388174840237
100000719227247.83,0.012098682696631686
100000722416725.66,0.011993364821556383
100000725606203.47,0.011889410692053928
100000728795681.28,0.011786796957519562
100000731985159.11,0.011685500762984694
100000735174636.92,0.01158549973805764
100000738364114.73,0.011486771981793693
100000741553592.56,0.011389296052413005
100000744743070.38,0.011293050957248215
100000747932548.19,0.011198016138753345
100000751122026.02,0.01110417146515697
100000754311503.83,0.011011497221318165
100000757500981.64,0.010919974095771173
100000760690459.47,0.010829583172222714
100000763879937.28,0.010740305921228264
100000767069415.1,0.01065212418817996
100000770258892.9,0.010565020185990764
100000773448370.73,0.010478976485391797
100000776637848.55,0.01039397600802145
100000779827326.36,0.010310002015543156
100000783016804.19,0.010227038102810403
100000786206282.0,0.010145068191165035
100000789395759.81,0.010064076518317202
100000792585237.64,0.0099840476321147
100000795774715.45,0.00990496638442962
